# old = RECORD.before-correction-13.md (390L, 9886fe25…)  new = RECORD.md (445L, 21bce64b…)
# Derived from a machine diff of the two RETAINED files (difflib opcodes, evidence/old2new.json), NOT inferred.
# classification applies to the citing claim in REVIEW.reanchored.md (behaviour) / p08-implementation-review.
old_line	new_line	classification	content_note
37-40	37-40	STILL-VALID	§1 exclusions, byte-identical
54	54	CONTENT-CHANGED (in place)	literal-null row: CORRECTION 13 scoping clause appended
57-59	57-59	CONTENT-CHANGED (in place)	three REFUSED rows: PLANNER-CELL-REFUSAL-ONLY clauses appended; row numbers unchanged
62	(inserted 62)	INSERTED	new §2 row: nil-merge target / optional source / composition supplies intermediate destination
58 (as cited)	58	SUPERSEDED-IN-PART	 cited as flat "REFUSED" for the fixture cell; row now scopes it planner-cell-only and states the nil-merge conversion (MapOptionalMutableArrayView, :200-202)
108-109	109-110	LINE-SHIFTED (+1)	"refusals in code, not policy choices" — unchanged text
111-112	112-113	LINE-SHIFTED (+1)	double-wrap row narrative — unchanged
116	149	LINE-SHIFTED (+33)	one-producer rule — unchanged
141-149	174-182	LINE-SHIFTED (+33)	producer table — unchanged EXCEPT row boundary-plan (old 147 → new 180) which gained the CORRECTION 13 override clause
147	180	CONTENT-CHANGED (in place)	boundary-plan producer row: override provenance appended
163-170	196-203	LINE-SHIFTED (+33)	JOIN PRECONDITION — unchanged
184	217	LINE-SHIFTED (+33)	switch arm/armLines attribution — unchanged
188	221	CONTENT-CHANGED (in place)	§4 nil-merge-operands row: target-consumes-override clause appended
198	231	LINE-SHIFTED (+33)	CORRECTION 4 nested-collection row — unchanged
240-245	273-278	LINE-SHIFTED (+33)	CORRECTION 1 — unchanged
255-261	288-294	LINE-SHIFTED (+33)	CORRECTION 3 switchReturn/armLines — unchanged
276	309	LINE-SHIFTED (+33)	§6 call-result-position open bullet — unchanged
279	312	LINE-SHIFTED (+33)	switch pattern-binding open bullet — unchanged
280-283	313-316	LINE-SHIFTED (+33)	struck-through open-set items (withdrawn by CORRECTION 12)
285-302	318-335	LINE-SHIFTED (+33)	CORRECTION 12 — unchanged
298-301	331-334	LINE-SHIFTED (+33)	CORRECTION 12 registered-default concession — unchanged
339	372-379	CONTENT-CHANGED + SHIFTED	tryBindingLines bullet: expanded, tryReturnLines merged in, staleness note added
339 (self-ref inside new text)	—	ERROR	new text's "sibling claim at :339" resolves to CORRECTION 13's own heading in the new file; see REPORT §5
340-352	380-392	LINE-SHIFTED (+33)	text following the expanded bullet (339 was replaced 1:7)
353-390	408-445	LINE-SHIFTED (+55)	tail after the second insertion (new §6 bullets 393-407 inserted after old 352)
(inserted)	393-407	INSERTED	two new §6 open items: destinationOptionalOverride reachability; nil-merge missing required-destination check
