pristine	xs-dead	gen=0	cargo=0
pristine	xs-deadcoll	gen=0	cargo=0
pristine	xs-twoexc	gen=0	cargo=101
pristine	xs-testmod	gen=0	cargo=NOTRUN(gen-only)
as-reviewed	xs-dead	gen=0	cargo=101
as-reviewed	xs-deadcoll	gen=0	cargo=101
as-reviewed	xs-twoexc	gen=0	cargo=101
as-reviewed	xs-crossmod	gen=0	cargo=101
as-reviewed	xs-testmod	gen=0	cargo=NOTRUN(gen-only)
frozen	xs-dead	gen=0	cargo=0
frozen	xs-deadcoll	gen=0	cargo=0
frozen	xs-twoexc	gen=0	cargo=101
frozen	xs-crossmod	gen=0	cargo=101
frozen	xs-testmod	gen=0	cargo=NOTRUN(gen-only)
