orig_path	orig_oid	head_path(s)
fsmissing/REPORT.md	4729f28dbde330c6312f95d5469b0a6bb562a44e	audit-reports/viii-disaster-intake/fsmissing/REPORT.md
fsmissing/attempt-01/stages/compile-kotlin-harness/status	573541ac9702dd3969c9bc859d2b91ec1f7e6e56	docs/architecture/evidence/ledger-cited-reports/flake-synthetic/evidence/run-v0-baseline/step-exit-code.txt | docs/architecture/evidence/ledger-cited-reports/flake-synthetic/evidence/run-v1-flake/step-exit-code.txt | docs/architecture/evidence/ledger-cited-reports/flake-synthetic/evidence/run-v2-same-id-exit-code/step-exit-code.txt | docs/architecture/evidence/ledger-cited-reports/flake-synthetic/evidence/run-v3-other-file-buffer-diff/step-exit-code.txt | docs/architecture/evidence/ledger-cited-reports/flake-synthetic/evidence/run-v4-residual/step-exit-code.txt | docs/architecture/evidence/ledger-cited-reports/p08-implementation-review-evidence/evidence/build-gapdemo.rc | docs/architecture/evidence/ledger-cited-reports/p08-implementation-review-evidence/evidence/gen-acceptance-cand.rc | docs/architecture/evidence/ledger-cited-reports/p08-implementation-review-evidence/evidence/gen-gap-cand.rc | docs/architecture/evidence/ledger-cited-reports/p08-implementation-review-evidence/evidence/gen-probeA-base.rc | docs/architecture/evidence/ledger-cited-reports/p08-implementation-review-evidence/evidence/gen-probeA-cand.rc | docs/architecture/evidence/ledger-cited-reports/p08-implementation-review-evidence/evidence/gen-probeB-base.rc | docs/architecture/evidence/ledger-cited-reports/p08-implementation-review-evidence/evidence/gen-probeB-cand.rc | docs/architecture/evidence/ledger-cited-reports/p08-implementation-review-evidence/evidence/gen-probeC-base.rc | docs/architecture/evidence/ledger-cited-reports/p08-implementation-review-evidence/evidence/gen-probeC-cand.rc | docs/architecture/evidence/ledger-cited-reports/p08-implementation-review-evidence/evidence/gen-probeD-base.rc | docs/architecture/evidence/ledger-cited-reports/p08-implementation-review-evidence/evidence/gen-probeD-cand.rc | docs/architecture/evidence/ledger-cited-reports/p08-implementation-review-evidence/evidence/gen-probeE-base.rc | docs/architecture/evidence/ledger-cited-reports/p08-implementation-review-evidence/evidence/gen-probeE-cand.rc | docs/architecture/evidence/ledger-cited-reports/p08-implementation-review-evidence/evidence/typecheck-acceptance-cand.rc | docs/architecture/evidence/ledger-cited-reports/p08-implementation-review-evidence/evidence/typecheck-gap-cand.rc | docs/architecture/evidence/ledger-cited-reports/p08-implementation-review-evidence/evidence/typecheck-probeA-cand.rc | docs/architecture/evidence/ledger-cited-reports/p08-implementation-review-evidence/evidence/typecheck-probeB-cand.rc | docs/architecture/evidence/ledger-cited-reports/p08-implementation-review-evidence/evidence/typecheck-probeD-cand.rc | docs/architecture/evidence/xs-fixture-archive/evidence-raw/10-compile-hxml.xs-mentions.txt | docs/architecture/evidence/xs-fixture-archive/evidence-raw/as-reviewed-xs-crossmod/gen.status | docs/architecture/evidence/xs-fixture-archive/evidence-raw/as-reviewed-xs-dead/gen.status | docs/architecture/evidence/xs-fixture-archive/evidence-raw/as-reviewed-xs-deadcoll/gen.status | docs/architecture/evidence/xs-fixture-archive/evidence-raw/as-reviewed-xs-testmod/gen.status | docs/architecture/evidence/xs-fixture-archive/evidence-raw/as-reviewed-xs-twoexc/gen.status | docs/architecture/evidence/xs-fixture-archive/evidence-raw/frozen-xs-crossmod/gen.status | docs/architecture/evidence/xs-fixture-archive/evidence-raw/frozen-xs-dead/cargo.status | docs/architecture/evidence/xs-fixture-archive/evidence-raw/frozen-xs-dead/gen.status | docs/architecture/evidence/xs-fixture-archive/evidence-raw/frozen-xs-deadcoll/cargo.status | docs/architecture/evidence/xs-fixture-archive/evidence-raw/frozen-xs-deadcoll/gen.status | docs/architecture/evidence/xs-fixture-archive/evidence-raw/frozen-xs-testmod/gen.status | docs/architecture/evidence/xs-fixture-archive/evidence-raw/frozen-xs-twoexc/gen.status | docs/architecture/evidence/xs-fixture-archive/evidence-raw/pristine-xs-dead/cargo.status | docs/architecture/evidence/xs-fixture-archive/evidence-raw/pristine-xs-dead/gen.status | docs/architecture/evidence/xs-fixture-archive/evidence-raw/pristine-xs-deadcoll/cargo.status | docs/architecture/evidence/xs-fixture-archive/evidence-raw/pristine-xs-deadcoll/gen.status | docs/architecture/evidence/xs-fixture-archive/evidence-raw/pristine-xs-testmod/gen.status | docs/architecture/evidence/xs-fixture-archive/evidence-raw/pristine-xs-twoexc/gen.status
fsmissing/attempt-01/stages/compile-kotlin/status	573541ac9702dd3969c9bc859d2b91ec1f7e6e56	docs/architecture/evidence/ledger-cited-reports/flake-synthetic/evidence/run-v0-baseline/step-exit-code.txt | docs/architecture/evidence/ledger-cited-reports/flake-synthetic/evidence/run-v1-flake/step-exit-code.txt | docs/architecture/evidence/ledger-cited-reports/flake-synthetic/evidence/run-v2-same-id-exit-code/step-exit-code.txt | docs/architecture/evidence/ledger-cited-reports/flake-synthetic/evidence/run-v3-other-file-buffer-diff/step-exit-code.txt | docs/architecture/evidence/ledger-cited-reports/flake-synthetic/evidence/run-v4-residual/step-exit-code.txt | docs/architecture/evidence/ledger-cited-reports/p08-implementation-review-evidence/evidence/build-gapdemo.rc | docs/architecture/evidence/ledger-cited-reports/p08-implementation-review-evidence/evidence/gen-acceptance-cand.rc | docs/architecture/evidence/ledger-cited-reports/p08-implementation-review-evidence/evidence/gen-gap-cand.rc | docs/architecture/evidence/ledger-cited-reports/p08-implementation-review-evidence/evidence/gen-probeA-base.rc | docs/architecture/evidence/ledger-cited-reports/p08-implementation-review-evidence/evidence/gen-probeA-cand.rc | docs/architecture/evidence/ledger-cited-reports/p08-implementation-review-evidence/evidence/gen-probeB-base.rc | docs/architecture/evidence/ledger-cited-reports/p08-implementation-review-evidence/evidence/gen-probeB-cand.rc | docs/architecture/evidence/ledger-cited-reports/p08-implementation-review-evidence/evidence/gen-probeC-base.rc | docs/architecture/evidence/ledger-cited-reports/p08-implementation-review-evidence/evidence/gen-probeC-cand.rc | docs/architecture/evidence/ledger-cited-reports/p08-implementation-review-evidence/evidence/gen-probeD-base.rc | docs/architecture/evidence/ledger-cited-reports/p08-implementation-review-evidence/evidence/gen-probeD-cand.rc | docs/architecture/evidence/ledger-cited-reports/p08-implementation-review-evidence/evidence/gen-probeE-base.rc | docs/architecture/evidence/ledger-cited-reports/p08-implementation-review-evidence/evidence/gen-probeE-cand.rc | docs/architecture/evidence/ledger-cited-reports/p08-implementation-review-evidence/evidence/typecheck-acceptance-cand.rc | docs/architecture/evidence/ledger-cited-reports/p08-implementation-review-evidence/evidence/typecheck-gap-cand.rc | docs/architecture/evidence/ledger-cited-reports/p08-implementation-review-evidence/evidence/typecheck-probeA-cand.rc | docs/architecture/evidence/ledger-cited-reports/p08-implementation-review-evidence/evidence/typecheck-probeB-cand.rc | docs/architecture/evidence/ledger-cited-reports/p08-implementation-review-evidence/evidence/typecheck-probeD-cand.rc | docs/architecture/evidence/xs-fixture-archive/evidence-raw/10-compile-hxml.xs-mentions.txt | docs/architecture/evidence/xs-fixture-archive/evidence-raw/as-reviewed-xs-crossmod/gen.status | docs/architecture/evidence/xs-fixture-archive/evidence-raw/as-reviewed-xs-dead/gen.status | docs/architecture/evidence/xs-fixture-archive/evidence-raw/as-reviewed-xs-deadcoll/gen.status | docs/architecture/evidence/xs-fixture-archive/evidence-raw/as-reviewed-xs-testmod/gen.status | docs/architecture/evidence/xs-fixture-archive/evidence-raw/as-reviewed-xs-twoexc/gen.status | docs/architecture/evidence/xs-fixture-archive/evidence-raw/frozen-xs-crossmod/gen.status | docs/architecture/evidence/xs-fixture-archive/evidence-raw/frozen-xs-dead/cargo.status | docs/architecture/evidence/xs-fixture-archive/evidence-raw/frozen-xs-dead/gen.status | docs/architecture/evidence/xs-fixture-archive/evidence-raw/frozen-xs-deadcoll/cargo.status | docs/architecture/evidence/xs-fixture-archive/evidence-raw/frozen-xs-deadcoll/gen.status | docs/architecture/evidence/xs-fixture-archive/evidence-raw/frozen-xs-testmod/gen.status | docs/architecture/evidence/xs-fixture-archive/evidence-raw/frozen-xs-twoexc/gen.status | docs/architecture/evidence/xs-fixture-archive/evidence-raw/pristine-xs-dead/cargo.status | docs/architecture/evidence/xs-fixture-archive/evidence-raw/pristine-xs-dead/gen.status | docs/architecture/evidence/xs-fixture-archive/evidence-raw/pristine-xs-deadcoll/cargo.status | docs/architecture/evidence/xs-fixture-archive/evidence-raw/pristine-xs-deadcoll/gen.status | docs/architecture/evidence/xs-fixture-archive/evidence-raw/pristine-xs-testmod/gen.status | docs/architecture/evidence/xs-fixture-archive/evidence-raw/pristine-xs-twoexc/gen.status
fsmissing/attempt-01/stages/gen-dart/status	573541ac9702dd3969c9bc859d2b91ec1f7e6e56	docs/architecture/evidence/ledger-cited-reports/flake-synthetic/evidence/run-v0-baseline/step-exit-code.txt | docs/architecture/evidence/ledger-cited-reports/flake-synthetic/evidence/run-v1-flake/step-exit-code.txt | docs/architecture/evidence/ledger-cited-reports/flake-synthetic/evidence/run-v2-same-id-exit-code/step-exit-code.txt | docs/architecture/evidence/ledger-cited-reports/flake-synthetic/evidence/run-v3-other-file-buffer-diff/step-exit-code.txt | docs/architecture/evidence/ledger-cited-reports/flake-synthetic/evidence/run-v4-residual/step-exit-code.txt | docs/architecture/evidence/ledger-cited-reports/p08-implementation-review-evidence/evidence/build-gapdemo.rc | docs/architecture/evidence/ledger-cited-reports/p08-implementation-review-evidence/evidence/gen-acceptance-cand.rc | docs/architecture/evidence/ledger-cited-reports/p08-implementation-review-evidence/evidence/gen-gap-cand.rc | docs/architecture/evidence/ledger-cited-reports/p08-implementation-review-evidence/evidence/gen-probeA-base.rc | docs/architecture/evidence/ledger-cited-reports/p08-implementation-review-evidence/evidence/gen-probeA-cand.rc | docs/architecture/evidence/ledger-cited-reports/p08-implementation-review-evidence/evidence/gen-probeB-base.rc | docs/architecture/evidence/ledger-cited-reports/p08-implementation-review-evidence/evidence/gen-probeB-cand.rc | docs/architecture/evidence/ledger-cited-reports/p08-implementation-review-evidence/evidence/gen-probeC-base.rc | docs/architecture/evidence/ledger-cited-reports/p08-implementation-review-evidence/evidence/gen-probeC-cand.rc | docs/architecture/evidence/ledger-cited-reports/p08-implementation-review-evidence/evidence/gen-probeD-base.rc | docs/architecture/evidence/ledger-cited-reports/p08-implementation-review-evidence/evidence/gen-probeD-cand.rc | docs/architecture/evidence/ledger-cited-reports/p08-implementation-review-evidence/evidence/gen-probeE-base.rc | docs/architecture/evidence/ledger-cited-reports/p08-implementation-review-evidence/evidence/gen-probeE-cand.rc | docs/architecture/evidence/ledger-cited-reports/p08-implementation-review-evidence/evidence/typecheck-acceptance-cand.rc | docs/architecture/evidence/ledger-cited-reports/p08-implementation-review-evidence/evidence/typecheck-gap-cand.rc | docs/architecture/evidence/ledger-cited-reports/p08-implementation-review-evidence/evidence/typecheck-probeA-cand.rc | docs/architecture/evidence/ledger-cited-reports/p08-implementation-review-evidence/evidence/typecheck-probeB-cand.rc | docs/architecture/evidence/ledger-cited-reports/p08-implementation-review-evidence/evidence/typecheck-probeD-cand.rc | docs/architecture/evidence/xs-fixture-archive/evidence-raw/10-compile-hxml.xs-mentions.txt | docs/architecture/evidence/xs-fixture-archive/evidence-raw/as-reviewed-xs-crossmod/gen.status | docs/architecture/evidence/xs-fixture-archive/evidence-raw/as-reviewed-xs-dead/gen.status | docs/architecture/evidence/xs-fixture-archive/evidence-raw/as-reviewed-xs-deadcoll/gen.status | docs/architecture/evidence/xs-fixture-archive/evidence-raw/as-reviewed-xs-testmod/gen.status | docs/architecture/evidence/xs-fixture-archive/evidence-raw/as-reviewed-xs-twoexc/gen.status | docs/architecture/evidence/xs-fixture-archive/evidence-raw/frozen-xs-crossmod/gen.status | docs/architecture/evidence/xs-fixture-archive/evidence-raw/frozen-xs-dead/cargo.status | docs/architecture/evidence/xs-fixture-archive/evidence-raw/frozen-xs-dead/gen.status | docs/architecture/evidence/xs-fixture-archive/evidence-raw/frozen-xs-deadcoll/cargo.status | docs/architecture/evidence/xs-fixture-archive/evidence-raw/frozen-xs-deadcoll/gen.status | docs/architecture/evidence/xs-fixture-archive/evidence-raw/frozen-xs-testmod/gen.status | docs/architecture/evidence/xs-fixture-archive/evidence-raw/frozen-xs-twoexc/gen.status | docs/architecture/evidence/xs-fixture-archive/evidence-raw/pristine-xs-dead/cargo.status | docs/architecture/evidence/xs-fixture-archive/evidence-raw/pristine-xs-dead/gen.status | docs/architecture/evidence/xs-fixture-archive/evidence-raw/pristine-xs-deadcoll/cargo.status | docs/architecture/evidence/xs-fixture-archive/evidence-raw/pristine-xs-deadcoll/gen.status | docs/architecture/evidence/xs-fixture-archive/evidence-raw/pristine-xs-testmod/gen.status | docs/architecture/evidence/xs-fixture-archive/evidence-raw/pristine-xs-twoexc/gen.status
fsmissing/attempt-01/stages/gen-kotlin/status	573541ac9702dd3969c9bc859d2b91ec1f7e6e56	docs/architecture/evidence/ledger-cited-reports/flake-synthetic/evidence/run-v0-baseline/step-exit-code.txt | docs/architecture/evidence/ledger-cited-reports/flake-synthetic/evidence/run-v1-flake/step-exit-code.txt | docs/architecture/evidence/ledger-cited-reports/flake-synthetic/evidence/run-v2-same-id-exit-code/step-exit-code.txt | docs/architecture/evidence/ledger-cited-reports/flake-synthetic/evidence/run-v3-other-file-buffer-diff/step-exit-code.txt | docs/architecture/evidence/ledger-cited-reports/flake-synthetic/evidence/run-v4-residual/step-exit-code.txt | docs/architecture/evidence/ledger-cited-reports/p08-implementation-review-evidence/evidence/build-gapdemo.rc | docs/architecture/evidence/ledger-cited-reports/p08-implementation-review-evidence/evidence/gen-acceptance-cand.rc | docs/architecture/evidence/ledger-cited-reports/p08-implementation-review-evidence/evidence/gen-gap-cand.rc | docs/architecture/evidence/ledger-cited-reports/p08-implementation-review-evidence/evidence/gen-probeA-base.rc | docs/architecture/evidence/ledger-cited-reports/p08-implementation-review-evidence/evidence/gen-probeA-cand.rc | docs/architecture/evidence/ledger-cited-reports/p08-implementation-review-evidence/evidence/gen-probeB-base.rc | docs/architecture/evidence/ledger-cited-reports/p08-implementation-review-evidence/evidence/gen-probeB-cand.rc | docs/architecture/evidence/ledger-cited-reports/p08-implementation-review-evidence/evidence/gen-probeC-base.rc | docs/architecture/evidence/ledger-cited-reports/p08-implementation-review-evidence/evidence/gen-probeC-cand.rc | docs/architecture/evidence/ledger-cited-reports/p08-implementation-review-evidence/evidence/gen-probeD-base.rc | docs/architecture/evidence/ledger-cited-reports/p08-implementation-review-evidence/evidence/gen-probeD-cand.rc | docs/architecture/evidence/ledger-cited-reports/p08-implementation-review-evidence/evidence/gen-probeE-base.rc | docs/architecture/evidence/ledger-cited-reports/p08-implementation-review-evidence/evidence/gen-probeE-cand.rc | docs/architecture/evidence/ledger-cited-reports/p08-implementation-review-evidence/evidence/typecheck-acceptance-cand.rc | docs/architecture/evidence/ledger-cited-reports/p08-implementation-review-evidence/evidence/typecheck-gap-cand.rc | docs/architecture/evidence/ledger-cited-reports/p08-implementation-review-evidence/evidence/typecheck-probeA-cand.rc | docs/architecture/evidence/ledger-cited-reports/p08-implementation-review-evidence/evidence/typecheck-probeB-cand.rc | docs/architecture/evidence/ledger-cited-reports/p08-implementation-review-evidence/evidence/typecheck-probeD-cand.rc | docs/architecture/evidence/xs-fixture-archive/evidence-raw/10-compile-hxml.xs-mentions.txt | docs/architecture/evidence/xs-fixture-archive/evidence-raw/as-reviewed-xs-crossmod/gen.status | docs/architecture/evidence/xs-fixture-archive/evidence-raw/as-reviewed-xs-dead/gen.status | docs/architecture/evidence/xs-fixture-archive/evidence-raw/as-reviewed-xs-deadcoll/gen.status | docs/architecture/evidence/xs-fixture-archive/evidence-raw/as-reviewed-xs-testmod/gen.status | docs/architecture/evidence/xs-fixture-archive/evidence-raw/as-reviewed-xs-twoexc/gen.status | docs/architecture/evidence/xs-fixture-archive/evidence-raw/frozen-xs-crossmod/gen.status | docs/architecture/evidence/xs-fixture-archive/evidence-raw/frozen-xs-dead/cargo.status | docs/architecture/evidence/xs-fixture-archive/evidence-raw/frozen-xs-dead/gen.status | docs/architecture/evidence/xs-fixture-archive/evidence-raw/frozen-xs-deadcoll/cargo.status | docs/architecture/evidence/xs-fixture-archive/evidence-raw/frozen-xs-deadcoll/gen.status | docs/architecture/evidence/xs-fixture-archive/evidence-raw/frozen-xs-testmod/gen.status | docs/architecture/evidence/xs-fixture-archive/evidence-raw/frozen-xs-twoexc/gen.status | docs/architecture/evidence/xs-fixture-archive/evidence-raw/pristine-xs-dead/cargo.status | docs/architecture/evidence/xs-fixture-archive/evidence-raw/pristine-xs-dead/gen.status | docs/architecture/evidence/xs-fixture-archive/evidence-raw/pristine-xs-deadcoll/cargo.status | docs/architecture/evidence/xs-fixture-archive/evidence-raw/pristine-xs-deadcoll/gen.status | docs/architecture/evidence/xs-fixture-archive/evidence-raw/pristine-xs-testmod/gen.status | docs/architecture/evidence/xs-fixture-archive/evidence-raw/pristine-xs-twoexc/gen.status
fsmissing/attempt-01/stages/gen-rust/status	573541ac9702dd3969c9bc859d2b91ec1f7e6e56	docs/architecture/evidence/ledger-cited-reports/flake-synthetic/evidence/run-v0-baseline/step-exit-code.txt | docs/architecture/evidence/ledger-cited-reports/flake-synthetic/evidence/run-v1-flake/step-exit-code.txt | docs/architecture/evidence/ledger-cited-reports/flake-synthetic/evidence/run-v2-same-id-exit-code/step-exit-code.txt | docs/architecture/evidence/ledger-cited-reports/flake-synthetic/evidence/run-v3-other-file-buffer-diff/step-exit-code.txt | docs/architecture/evidence/ledger-cited-reports/flake-synthetic/evidence/run-v4-residual/step-exit-code.txt | docs/architecture/evidence/ledger-cited-reports/p08-implementation-review-evidence/evidence/build-gapdemo.rc | docs/architecture/evidence/ledger-cited-reports/p08-implementation-review-evidence/evidence/gen-acceptance-cand.rc | docs/architecture/evidence/ledger-cited-reports/p08-implementation-review-evidence/evidence/gen-gap-cand.rc | docs/architecture/evidence/ledger-cited-reports/p08-implementation-review-evidence/evidence/gen-probeA-base.rc | docs/architecture/evidence/ledger-cited-reports/p08-implementation-review-evidence/evidence/gen-probeA-cand.rc | docs/architecture/evidence/ledger-cited-reports/p08-implementation-review-evidence/evidence/gen-probeB-base.rc | docs/architecture/evidence/ledger-cited-reports/p08-implementation-review-evidence/evidence/gen-probeB-cand.rc | docs/architecture/evidence/ledger-cited-reports/p08-implementation-review-evidence/evidence/gen-probeC-base.rc | docs/architecture/evidence/ledger-cited-reports/p08-implementation-review-evidence/evidence/gen-probeC-cand.rc | docs/architecture/evidence/ledger-cited-reports/p08-implementation-review-evidence/evidence/gen-probeD-base.rc | docs/architecture/evidence/ledger-cited-reports/p08-implementation-review-evidence/evidence/gen-probeD-cand.rc | docs/architecture/evidence/ledger-cited-reports/p08-implementation-review-evidence/evidence/gen-probeE-base.rc | docs/architecture/evidence/ledger-cited-reports/p08-implementation-review-evidence/evidence/gen-probeE-cand.rc | docs/architecture/evidence/ledger-cited-reports/p08-implementation-review-evidence/evidence/typecheck-acceptance-cand.rc | docs/architecture/evidence/ledger-cited-reports/p08-implementation-review-evidence/evidence/typecheck-gap-cand.rc | docs/architecture/evidence/ledger-cited-reports/p08-implementation-review-evidence/evidence/typecheck-probeA-cand.rc | docs/architecture/evidence/ledger-cited-reports/p08-implementation-review-evidence/evidence/typecheck-probeB-cand.rc | docs/architecture/evidence/ledger-cited-reports/p08-implementation-review-evidence/evidence/typecheck-probeD-cand.rc | docs/architecture/evidence/xs-fixture-archive/evidence-raw/10-compile-hxml.xs-mentions.txt | docs/architecture/evidence/xs-fixture-archive/evidence-raw/as-reviewed-xs-crossmod/gen.status | docs/architecture/evidence/xs-fixture-archive/evidence-raw/as-reviewed-xs-dead/gen.status | docs/architecture/evidence/xs-fixture-archive/evidence-raw/as-reviewed-xs-deadcoll/gen.status | docs/architecture/evidence/xs-fixture-archive/evidence-raw/as-reviewed-xs-testmod/gen.status | docs/architecture/evidence/xs-fixture-archive/evidence-raw/as-reviewed-xs-twoexc/gen.status | docs/architecture/evidence/xs-fixture-archive/evidence-raw/frozen-xs-crossmod/gen.status | docs/architecture/evidence/xs-fixture-archive/evidence-raw/frozen-xs-dead/cargo.status | docs/architecture/evidence/xs-fixture-archive/evidence-raw/frozen-xs-dead/gen.status | docs/architecture/evidence/xs-fixture-archive/evidence-raw/frozen-xs-deadcoll/cargo.status | docs/architecture/evidence/xs-fixture-archive/evidence-raw/frozen-xs-deadcoll/gen.status | docs/architecture/evidence/xs-fixture-archive/evidence-raw/frozen-xs-testmod/gen.status | docs/architecture/evidence/xs-fixture-archive/evidence-raw/frozen-xs-twoexc/gen.status | docs/architecture/evidence/xs-fixture-archive/evidence-raw/pristine-xs-dead/cargo.status | docs/architecture/evidence/xs-fixture-archive/evidence-raw/pristine-xs-dead/gen.status | docs/architecture/evidence/xs-fixture-archive/evidence-raw/pristine-xs-deadcoll/cargo.status | docs/architecture/evidence/xs-fixture-archive/evidence-raw/pristine-xs-deadcoll/gen.status | docs/architecture/evidence/xs-fixture-archive/evidence-raw/pristine-xs-testmod/gen.status | docs/architecture/evidence/xs-fixture-archive/evidence-raw/pristine-xs-twoexc/gen.status
fsmissing/attempt-01/stages/gen-swift/status	573541ac9702dd3969c9bc859d2b91ec1f7e6e56	docs/architecture/evidence/ledger-cited-reports/flake-synthetic/evidence/run-v0-baseline/step-exit-code.txt | docs/architecture/evidence/ledger-cited-reports/flake-synthetic/evidence/run-v1-flake/step-exit-code.txt | docs/architecture/evidence/ledger-cited-reports/flake-synthetic/evidence/run-v2-same-id-exit-code/step-exit-code.txt | docs/architecture/evidence/ledger-cited-reports/flake-synthetic/evidence/run-v3-other-file-buffer-diff/step-exit-code.txt | docs/architecture/evidence/ledger-cited-reports/flake-synthetic/evidence/run-v4-residual/step-exit-code.txt | docs/architecture/evidence/ledger-cited-reports/p08-implementation-review-evidence/evidence/build-gapdemo.rc | docs/architecture/evidence/ledger-cited-reports/p08-implementation-review-evidence/evidence/gen-acceptance-cand.rc | docs/architecture/evidence/ledger-cited-reports/p08-implementation-review-evidence/evidence/gen-gap-cand.rc | docs/architecture/evidence/ledger-cited-reports/p08-implementation-review-evidence/evidence/gen-probeA-base.rc | docs/architecture/evidence/ledger-cited-reports/p08-implementation-review-evidence/evidence/gen-probeA-cand.rc | docs/architecture/evidence/ledger-cited-reports/p08-implementation-review-evidence/evidence/gen-probeB-base.rc | docs/architecture/evidence/ledger-cited-reports/p08-implementation-review-evidence/evidence/gen-probeB-cand.rc | docs/architecture/evidence/ledger-cited-reports/p08-implementation-review-evidence/evidence/gen-probeC-base.rc | docs/architecture/evidence/ledger-cited-reports/p08-implementation-review-evidence/evidence/gen-probeC-cand.rc | docs/architecture/evidence/ledger-cited-reports/p08-implementation-review-evidence/evidence/gen-probeD-base.rc | docs/architecture/evidence/ledger-cited-reports/p08-implementation-review-evidence/evidence/gen-probeD-cand.rc | docs/architecture/evidence/ledger-cited-reports/p08-implementation-review-evidence/evidence/gen-probeE-base.rc | docs/architecture/evidence/ledger-cited-reports/p08-implementation-review-evidence/evidence/gen-probeE-cand.rc | docs/architecture/evidence/ledger-cited-reports/p08-implementation-review-evidence/evidence/typecheck-acceptance-cand.rc | docs/architecture/evidence/ledger-cited-reports/p08-implementation-review-evidence/evidence/typecheck-gap-cand.rc | docs/architecture/evidence/ledger-cited-reports/p08-implementation-review-evidence/evidence/typecheck-probeA-cand.rc | docs/architecture/evidence/ledger-cited-reports/p08-implementation-review-evidence/evidence/typecheck-probeB-cand.rc | docs/architecture/evidence/ledger-cited-reports/p08-implementation-review-evidence/evidence/typecheck-probeD-cand.rc | docs/architecture/evidence/xs-fixture-archive/evidence-raw/10-compile-hxml.xs-mentions.txt | docs/architecture/evidence/xs-fixture-archive/evidence-raw/as-reviewed-xs-crossmod/gen.status | docs/architecture/evidence/xs-fixture-archive/evidence-raw/as-reviewed-xs-dead/gen.status | docs/architecture/evidence/xs-fixture-archive/evidence-raw/as-reviewed-xs-deadcoll/gen.status | docs/architecture/evidence/xs-fixture-archive/evidence-raw/as-reviewed-xs-testmod/gen.status | docs/architecture/evidence/xs-fixture-archive/evidence-raw/as-reviewed-xs-twoexc/gen.status | docs/architecture/evidence/xs-fixture-archive/evidence-raw/frozen-xs-crossmod/gen.status | docs/architecture/evidence/xs-fixture-archive/evidence-raw/frozen-xs-dead/cargo.status | docs/architecture/evidence/xs-fixture-archive/evidence-raw/frozen-xs-dead/gen.status | docs/architecture/evidence/xs-fixture-archive/evidence-raw/frozen-xs-deadcoll/cargo.status | docs/architecture/evidence/xs-fixture-archive/evidence-raw/frozen-xs-deadcoll/gen.status | docs/architecture/evidence/xs-fixture-archive/evidence-raw/frozen-xs-testmod/gen.status | docs/architecture/evidence/xs-fixture-archive/evidence-raw/frozen-xs-twoexc/gen.status | docs/architecture/evidence/xs-fixture-archive/evidence-raw/pristine-xs-dead/cargo.status | docs/architecture/evidence/xs-fixture-archive/evidence-raw/pristine-xs-dead/gen.status | docs/architecture/evidence/xs-fixture-archive/evidence-raw/pristine-xs-deadcoll/cargo.status | docs/architecture/evidence/xs-fixture-archive/evidence-raw/pristine-xs-deadcoll/gen.status | docs/architecture/evidence/xs-fixture-archive/evidence-raw/pristine-xs-testmod/gen.status | docs/architecture/evidence/xs-fixture-archive/evidence-raw/pristine-xs-twoexc/gen.status
fsmissing/attempt-01/stages/gen-ts/status	573541ac9702dd3969c9bc859d2b91ec1f7e6e56	docs/architecture/evidence/ledger-cited-reports/flake-synthetic/evidence/run-v0-baseline/step-exit-code.txt | docs/architecture/evidence/ledger-cited-reports/flake-synthetic/evidence/run-v1-flake/step-exit-code.txt | docs/architecture/evidence/ledger-cited-reports/flake-synthetic/evidence/run-v2-same-id-exit-code/step-exit-code.txt | docs/architecture/evidence/ledger-cited-reports/flake-synthetic/evidence/run-v3-other-file-buffer-diff/step-exit-code.txt | docs/architecture/evidence/ledger-cited-reports/flake-synthetic/evidence/run-v4-residual/step-exit-code.txt | docs/architecture/evidence/ledger-cited-reports/p08-implementation-review-evidence/evidence/build-gapdemo.rc | docs/architecture/evidence/ledger-cited-reports/p08-implementation-review-evidence/evidence/gen-acceptance-cand.rc | docs/architecture/evidence/ledger-cited-reports/p08-implementation-review-evidence/evidence/gen-gap-cand.rc | docs/architecture/evidence/ledger-cited-reports/p08-implementation-review-evidence/evidence/gen-probeA-base.rc | docs/architecture/evidence/ledger-cited-reports/p08-implementation-review-evidence/evidence/gen-probeA-cand.rc | docs/architecture/evidence/ledger-cited-reports/p08-implementation-review-evidence/evidence/gen-probeB-base.rc | docs/architecture/evidence/ledger-cited-reports/p08-implementation-review-evidence/evidence/gen-probeB-cand.rc | docs/architecture/evidence/ledger-cited-reports/p08-implementation-review-evidence/evidence/gen-probeC-base.rc | docs/architecture/evidence/ledger-cited-reports/p08-implementation-review-evidence/evidence/gen-probeC-cand.rc | docs/architecture/evidence/ledger-cited-reports/p08-implementation-review-evidence/evidence/gen-probeD-base.rc | docs/architecture/evidence/ledger-cited-reports/p08-implementation-review-evidence/evidence/gen-probeD-cand.rc | docs/architecture/evidence/ledger-cited-reports/p08-implementation-review-evidence/evidence/gen-probeE-base.rc | docs/architecture/evidence/ledger-cited-reports/p08-implementation-review-evidence/evidence/gen-probeE-cand.rc | docs/architecture/evidence/ledger-cited-reports/p08-implementation-review-evidence/evidence/typecheck-acceptance-cand.rc | docs/architecture/evidence/ledger-cited-reports/p08-implementation-review-evidence/evidence/typecheck-gap-cand.rc | docs/architecture/evidence/ledger-cited-reports/p08-implementation-review-evidence/evidence/typecheck-probeA-cand.rc | docs/architecture/evidence/ledger-cited-reports/p08-implementation-review-evidence/evidence/typecheck-probeB-cand.rc | docs/architecture/evidence/ledger-cited-reports/p08-implementation-review-evidence/evidence/typecheck-probeD-cand.rc | docs/architecture/evidence/xs-fixture-archive/evidence-raw/10-compile-hxml.xs-mentions.txt | docs/architecture/evidence/xs-fixture-archive/evidence-raw/as-reviewed-xs-crossmod/gen.status | docs/architecture/evidence/xs-fixture-archive/evidence-raw/as-reviewed-xs-dead/gen.status | docs/architecture/evidence/xs-fixture-archive/evidence-raw/as-reviewed-xs-deadcoll/gen.status | docs/architecture/evidence/xs-fixture-archive/evidence-raw/as-reviewed-xs-testmod/gen.status | docs/architecture/evidence/xs-fixture-archive/evidence-raw/as-reviewed-xs-twoexc/gen.status | docs/architecture/evidence/xs-fixture-archive/evidence-raw/frozen-xs-crossmod/gen.status | docs/architecture/evidence/xs-fixture-archive/evidence-raw/frozen-xs-dead/cargo.status | docs/architecture/evidence/xs-fixture-archive/evidence-raw/frozen-xs-dead/gen.status | docs/architecture/evidence/xs-fixture-archive/evidence-raw/frozen-xs-deadcoll/cargo.status | docs/architecture/evidence/xs-fixture-archive/evidence-raw/frozen-xs-deadcoll/gen.status | docs/architecture/evidence/xs-fixture-archive/evidence-raw/frozen-xs-testmod/gen.status | docs/architecture/evidence/xs-fixture-archive/evidence-raw/frozen-xs-twoexc/gen.status | docs/architecture/evidence/xs-fixture-archive/evidence-raw/pristine-xs-dead/cargo.status | docs/architecture/evidence/xs-fixture-archive/evidence-raw/pristine-xs-dead/gen.status | docs/architecture/evidence/xs-fixture-archive/evidence-raw/pristine-xs-deadcoll/cargo.status | docs/architecture/evidence/xs-fixture-archive/evidence-raw/pristine-xs-deadcoll/gen.status | docs/architecture/evidence/xs-fixture-archive/evidence-raw/pristine-xs-testmod/gen.status | docs/architecture/evidence/xs-fixture-archive/evidence-raw/pristine-xs-twoexc/gen.status
fsmissing/attempt-01/stages/haxe-oracle-build/status	573541ac9702dd3969c9bc859d2b91ec1f7e6e56	docs/architecture/evidence/ledger-cited-reports/flake-synthetic/evidence/run-v0-baseline/step-exit-code.txt | docs/architecture/evidence/ledger-cited-reports/flake-synthetic/evidence/run-v1-flake/step-exit-code.txt | docs/architecture/evidence/ledger-cited-reports/flake-synthetic/evidence/run-v2-same-id-exit-code/step-exit-code.txt | docs/architecture/evidence/ledger-cited-reports/flake-synthetic/evidence/run-v3-other-file-buffer-diff/step-exit-code.txt | docs/architecture/evidence/ledger-cited-reports/flake-synthetic/evidence/run-v4-residual/step-exit-code.txt | docs/architecture/evidence/ledger-cited-reports/p08-implementation-review-evidence/evidence/build-gapdemo.rc | docs/architecture/evidence/ledger-cited-reports/p08-implementation-review-evidence/evidence/gen-acceptance-cand.rc | docs/architecture/evidence/ledger-cited-reports/p08-implementation-review-evidence/evidence/gen-gap-cand.rc | docs/architecture/evidence/ledger-cited-reports/p08-implementation-review-evidence/evidence/gen-probeA-base.rc | docs/architecture/evidence/ledger-cited-reports/p08-implementation-review-evidence/evidence/gen-probeA-cand.rc | docs/architecture/evidence/ledger-cited-reports/p08-implementation-review-evidence/evidence/gen-probeB-base.rc | docs/architecture/evidence/ledger-cited-reports/p08-implementation-review-evidence/evidence/gen-probeB-cand.rc | docs/architecture/evidence/ledger-cited-reports/p08-implementation-review-evidence/evidence/gen-probeC-base.rc | docs/architecture/evidence/ledger-cited-reports/p08-implementation-review-evidence/evidence/gen-probeC-cand.rc | docs/architecture/evidence/ledger-cited-reports/p08-implementation-review-evidence/evidence/gen-probeD-base.rc | docs/architecture/evidence/ledger-cited-reports/p08-implementation-review-evidence/evidence/gen-probeD-cand.rc | docs/architecture/evidence/ledger-cited-reports/p08-implementation-review-evidence/evidence/gen-probeE-base.rc | docs/architecture/evidence/ledger-cited-reports/p08-implementation-review-evidence/evidence/gen-probeE-cand.rc | docs/architecture/evidence/ledger-cited-reports/p08-implementation-review-evidence/evidence/typecheck-acceptance-cand.rc | docs/architecture/evidence/ledger-cited-reports/p08-implementation-review-evidence/evidence/typecheck-gap-cand.rc | docs/architecture/evidence/ledger-cited-reports/p08-implementation-review-evidence/evidence/typecheck-probeA-cand.rc | docs/architecture/evidence/ledger-cited-reports/p08-implementation-review-evidence/evidence/typecheck-probeB-cand.rc | docs/architecture/evidence/ledger-cited-reports/p08-implementation-review-evidence/evidence/typecheck-probeD-cand.rc | docs/architecture/evidence/xs-fixture-archive/evidence-raw/10-compile-hxml.xs-mentions.txt | docs/architecture/evidence/xs-fixture-archive/evidence-raw/as-reviewed-xs-crossmod/gen.status | docs/architecture/evidence/xs-fixture-archive/evidence-raw/as-reviewed-xs-dead/gen.status | docs/architecture/evidence/xs-fixture-archive/evidence-raw/as-reviewed-xs-deadcoll/gen.status | docs/architecture/evidence/xs-fixture-archive/evidence-raw/as-reviewed-xs-testmod/gen.status | docs/architecture/evidence/xs-fixture-archive/evidence-raw/as-reviewed-xs-twoexc/gen.status | docs/architecture/evidence/xs-fixture-archive/evidence-raw/frozen-xs-crossmod/gen.status | docs/architecture/evidence/xs-fixture-archive/evidence-raw/frozen-xs-dead/cargo.status | docs/architecture/evidence/xs-fixture-archive/evidence-raw/frozen-xs-dead/gen.status | docs/architecture/evidence/xs-fixture-archive/evidence-raw/frozen-xs-deadcoll/cargo.status | docs/architecture/evidence/xs-fixture-archive/evidence-raw/frozen-xs-deadcoll/gen.status | docs/architecture/evidence/xs-fixture-archive/evidence-raw/frozen-xs-testmod/gen.status | docs/architecture/evidence/xs-fixture-archive/evidence-raw/frozen-xs-twoexc/gen.status | docs/architecture/evidence/xs-fixture-archive/evidence-raw/pristine-xs-dead/cargo.status | docs/architecture/evidence/xs-fixture-archive/evidence-raw/pristine-xs-dead/gen.status | docs/architecture/evidence/xs-fixture-archive/evidence-raw/pristine-xs-deadcoll/cargo.status | docs/architecture/evidence/xs-fixture-archive/evidence-raw/pristine-xs-deadcoll/gen.status | docs/architecture/evidence/xs-fixture-archive/evidence-raw/pristine-xs-testmod/gen.status | docs/architecture/evidence/xs-fixture-archive/evidence-raw/pristine-xs-twoexc/gen.status
fsmissing/attempt-01/stages/haxe-oracle-run/status	d00491fd7e5bb6fa28c517a0bb32b8b506539d4d	docs/architecture/evidence/ledger-cited-reports/p08-implementation-review-evidence/evidence/bun-readonly-boundary-cand.rc | docs/architecture/evidence/ledger-cited-reports/p08-implementation-review-evidence/evidence/typecheck-probeA-base.rc | docs/architecture/evidence/ledger-cited-reports/p08-implementation-review-evidence/evidence/typecheck-probeB-base.rc | docs/architecture/evidence/ledger-cited-reports/p08-implementation-review-evidence/evidence/typecheck-probeD-base.rc | docs/architecture/evidence/ledger-cited-reports/p08-implementation-review-evidence/evidence/typecheck-probeE-base.rc | docs/architecture/evidence/ledger-cited-reports/p08-implementation-review-evidence/evidence/typecheck-probeE-cand.rc | docs/architecture/evidence/xs-fixture-archive/evidence-raw/as-reviewed-xs-crossmod/compiling-count.txt | docs/architecture/evidence/xs-fixture-archive/evidence-raw/as-reviewed-xs-dead/compiling-count.txt | docs/architecture/evidence/xs-fixture-archive/evidence-raw/as-reviewed-xs-deadcoll/compiling-count.txt | docs/architecture/evidence/xs-fixture-archive/evidence-raw/as-reviewed-xs-twoexc/compiling-count.txt | docs/architecture/evidence/xs-fixture-archive/evidence-raw/frozen-audit-xs-crossmod/compiling-count.txt | docs/architecture/evidence/xs-fixture-archive/evidence-raw/frozen-xs-crossmod/compiling-count.txt | docs/architecture/evidence/xs-fixture-archive/evidence-raw/frozen-xs-dead/compiling-count.txt | docs/architecture/evidence/xs-fixture-archive/evidence-raw/frozen-xs-deadcoll/compiling-count.txt | docs/architecture/evidence/xs-fixture-archive/evidence-raw/frozen-xs-twoexc/compiling-count.txt | docs/architecture/evidence/xs-fixture-archive/evidence-raw/pristine-xs-dead/compiling-count.txt | docs/architecture/evidence/xs-fixture-archive/evidence-raw/pristine-xs-deadcoll/compiling-count.txt | docs/architecture/evidence/xs-fixture-archive/evidence-raw/pristine-xs-twoexc/compiling-count.txt
fsmissing/attempt-01/stages/run-kotlin/status	d00491fd7e5bb6fa28c517a0bb32b8b506539d4d	docs/architecture/evidence/ledger-cited-reports/p08-implementation-review-evidence/evidence/bun-readonly-boundary-cand.rc | docs/architecture/evidence/ledger-cited-reports/p08-implementation-review-evidence/evidence/typecheck-probeA-base.rc | docs/architecture/evidence/ledger-cited-reports/p08-implementation-review-evidence/evidence/typecheck-probeB-base.rc | docs/architecture/evidence/ledger-cited-reports/p08-implementation-review-evidence/evidence/typecheck-probeD-base.rc | docs/architecture/evidence/ledger-cited-reports/p08-implementation-review-evidence/evidence/typecheck-probeE-base.rc | docs/architecture/evidence/ledger-cited-reports/p08-implementation-review-evidence/evidence/typecheck-probeE-cand.rc | docs/architecture/evidence/xs-fixture-archive/evidence-raw/as-reviewed-xs-crossmod/compiling-count.txt | docs/architecture/evidence/xs-fixture-archive/evidence-raw/as-reviewed-xs-dead/compiling-count.txt | docs/architecture/evidence/xs-fixture-archive/evidence-raw/as-reviewed-xs-deadcoll/compiling-count.txt | docs/architecture/evidence/xs-fixture-archive/evidence-raw/as-reviewed-xs-twoexc/compiling-count.txt | docs/architecture/evidence/xs-fixture-archive/evidence-raw/frozen-audit-xs-crossmod/compiling-count.txt | docs/architecture/evidence/xs-fixture-archive/evidence-raw/frozen-xs-crossmod/compiling-count.txt | docs/architecture/evidence/xs-fixture-archive/evidence-raw/frozen-xs-dead/compiling-count.txt | docs/architecture/evidence/xs-fixture-archive/evidence-raw/frozen-xs-deadcoll/compiling-count.txt | docs/architecture/evidence/xs-fixture-archive/evidence-raw/frozen-xs-twoexc/compiling-count.txt | docs/architecture/evidence/xs-fixture-archive/evidence-raw/pristine-xs-dead/compiling-count.txt | docs/architecture/evidence/xs-fixture-archive/evidence-raw/pristine-xs-deadcoll/compiling-count.txt | docs/architecture/evidence/xs-fixture-archive/evidence-raw/pristine-xs-twoexc/compiling-count.txt
fsmissing/attempt-01/stages/run-rust/status	398050c62c882fa5ebc8d8aaa2e730e70790beeb	docs/architecture/evidence/xs-fixture-archive/evidence-raw/as-reviewed-xs-crossmod/cargo.status | docs/architecture/evidence/xs-fixture-archive/evidence-raw/as-reviewed-xs-dead/cargo.status | docs/architecture/evidence/xs-fixture-archive/evidence-raw/as-reviewed-xs-deadcoll/cargo.status | docs/architecture/evidence/xs-fixture-archive/evidence-raw/as-reviewed-xs-twoexc/cargo.status | docs/architecture/evidence/xs-fixture-archive/evidence-raw/frozen-xs-crossmod/cargo.status | docs/architecture/evidence/xs-fixture-archive/evidence-raw/frozen-xs-twoexc/cargo.status | docs/architecture/evidence/xs-fixture-archive/evidence-raw/pristine-xs-twoexc/cargo.status
fsmissing/attempt-01/stages/run-ts/status	d00491fd7e5bb6fa28c517a0bb32b8b506539d4d	docs/architecture/evidence/ledger-cited-reports/p08-implementation-review-evidence/evidence/bun-readonly-boundary-cand.rc | docs/architecture/evidence/ledger-cited-reports/p08-implementation-review-evidence/evidence/typecheck-probeA-base.rc | docs/architecture/evidence/ledger-cited-reports/p08-implementation-review-evidence/evidence/typecheck-probeB-base.rc | docs/architecture/evidence/ledger-cited-reports/p08-implementation-review-evidence/evidence/typecheck-probeD-base.rc | docs/architecture/evidence/ledger-cited-reports/p08-implementation-review-evidence/evidence/typecheck-probeE-base.rc | docs/architecture/evidence/ledger-cited-reports/p08-implementation-review-evidence/evidence/typecheck-probeE-cand.rc | docs/architecture/evidence/xs-fixture-archive/evidence-raw/as-reviewed-xs-crossmod/compiling-count.txt | docs/architecture/evidence/xs-fixture-archive/evidence-raw/as-reviewed-xs-dead/compiling-count.txt | docs/architecture/evidence/xs-fixture-archive/evidence-raw/as-reviewed-xs-deadcoll/compiling-count.txt | docs/architecture/evidence/xs-fixture-archive/evidence-raw/as-reviewed-xs-twoexc/compiling-count.txt | docs/architecture/evidence/xs-fixture-archive/evidence-raw/frozen-audit-xs-crossmod/compiling-count.txt | docs/architecture/evidence/xs-fixture-archive/evidence-raw/frozen-xs-crossmod/compiling-count.txt | docs/architecture/evidence/xs-fixture-archive/evidence-raw/frozen-xs-dead/compiling-count.txt | docs/architecture/evidence/xs-fixture-archive/evidence-raw/frozen-xs-deadcoll/compiling-count.txt | docs/architecture/evidence/xs-fixture-archive/evidence-raw/frozen-xs-twoexc/compiling-count.txt | docs/architecture/evidence/xs-fixture-archive/evidence-raw/pristine-xs-dead/compiling-count.txt | docs/architecture/evidence/xs-fixture-archive/evidence-raw/pristine-xs-deadcoll/compiling-count.txt | docs/architecture/evidence/xs-fixture-archive/evidence-raw/pristine-xs-twoexc/compiling-count.txt
fsmissing/attempt-01/stages/rustc-bin/status	573541ac9702dd3969c9bc859d2b91ec1f7e6e56	docs/architecture/evidence/ledger-cited-reports/flake-synthetic/evidence/run-v0-baseline/step-exit-code.txt | docs/architecture/evidence/ledger-cited-reports/flake-synthetic/evidence/run-v1-flake/step-exit-code.txt | docs/architecture/evidence/ledger-cited-reports/flake-synthetic/evidence/run-v2-same-id-exit-code/step-exit-code.txt | docs/architecture/evidence/ledger-cited-reports/flake-synthetic/evidence/run-v3-other-file-buffer-diff/step-exit-code.txt | docs/architecture/evidence/ledger-cited-reports/flake-synthetic/evidence/run-v4-residual/step-exit-code.txt | docs/architecture/evidence/ledger-cited-reports/p08-implementation-review-evidence/evidence/build-gapdemo.rc | docs/architecture/evidence/ledger-cited-reports/p08-implementation-review-evidence/evidence/gen-acceptance-cand.rc | docs/architecture/evidence/ledger-cited-reports/p08-implementation-review-evidence/evidence/gen-gap-cand.rc | docs/architecture/evidence/ledger-cited-reports/p08-implementation-review-evidence/evidence/gen-probeA-base.rc | docs/architecture/evidence/ledger-cited-reports/p08-implementation-review-evidence/evidence/gen-probeA-cand.rc | docs/architecture/evidence/ledger-cited-reports/p08-implementation-review-evidence/evidence/gen-probeB-base.rc | docs/architecture/evidence/ledger-cited-reports/p08-implementation-review-evidence/evidence/gen-probeB-cand.rc | docs/architecture/evidence/ledger-cited-reports/p08-implementation-review-evidence/evidence/gen-probeC-base.rc | docs/architecture/evidence/ledger-cited-reports/p08-implementation-review-evidence/evidence/gen-probeC-cand.rc | docs/architecture/evidence/ledger-cited-reports/p08-implementation-review-evidence/evidence/gen-probeD-base.rc | docs/architecture/evidence/ledger-cited-reports/p08-implementation-review-evidence/evidence/gen-probeD-cand.rc | docs/architecture/evidence/ledger-cited-reports/p08-implementation-review-evidence/evidence/gen-probeE-base.rc | docs/architecture/evidence/ledger-cited-reports/p08-implementation-review-evidence/evidence/gen-probeE-cand.rc | docs/architecture/evidence/ledger-cited-reports/p08-implementation-review-evidence/evidence/typecheck-acceptance-cand.rc | docs/architecture/evidence/ledger-cited-reports/p08-implementation-review-evidence/evidence/typecheck-gap-cand.rc | docs/architecture/evidence/ledger-cited-reports/p08-implementation-review-evidence/evidence/typecheck-probeA-cand.rc | docs/architecture/evidence/ledger-cited-reports/p08-implementation-review-evidence/evidence/typecheck-probeB-cand.rc | docs/architecture/evidence/ledger-cited-reports/p08-implementation-review-evidence/evidence/typecheck-probeD-cand.rc | docs/architecture/evidence/xs-fixture-archive/evidence-raw/10-compile-hxml.xs-mentions.txt | docs/architecture/evidence/xs-fixture-archive/evidence-raw/as-reviewed-xs-crossmod/gen.status | docs/architecture/evidence/xs-fixture-archive/evidence-raw/as-reviewed-xs-dead/gen.status | docs/architecture/evidence/xs-fixture-archive/evidence-raw/as-reviewed-xs-deadcoll/gen.status | docs/architecture/evidence/xs-fixture-archive/evidence-raw/as-reviewed-xs-testmod/gen.status | docs/architecture/evidence/xs-fixture-archive/evidence-raw/as-reviewed-xs-twoexc/gen.status | docs/architecture/evidence/xs-fixture-archive/evidence-raw/frozen-xs-crossmod/gen.status | docs/architecture/evidence/xs-fixture-archive/evidence-raw/frozen-xs-dead/cargo.status | docs/architecture/evidence/xs-fixture-archive/evidence-raw/frozen-xs-dead/gen.status | docs/architecture/evidence/xs-fixture-archive/evidence-raw/frozen-xs-deadcoll/cargo.status | docs/architecture/evidence/xs-fixture-archive/evidence-raw/frozen-xs-deadcoll/gen.status | docs/architecture/evidence/xs-fixture-archive/evidence-raw/frozen-xs-testmod/gen.status | docs/architecture/evidence/xs-fixture-archive/evidence-raw/frozen-xs-twoexc/gen.status | docs/architecture/evidence/xs-fixture-archive/evidence-raw/pristine-xs-dead/cargo.status | docs/architecture/evidence/xs-fixture-archive/evidence-raw/pristine-xs-dead/gen.status | docs/architecture/evidence/xs-fixture-archive/evidence-raw/pristine-xs-deadcoll/cargo.status | docs/architecture/evidence/xs-fixture-archive/evidence-raw/pristine-xs-deadcoll/gen.status | docs/architecture/evidence/xs-fixture-archive/evidence-raw/pristine-xs-testmod/gen.status | docs/architecture/evidence/xs-fixture-archive/evidence-raw/pristine-xs-twoexc/gen.status
fsmissing/attempt-01/stages/rustc-lib/status	573541ac9702dd3969c9bc859d2b91ec1f7e6e56	docs/architecture/evidence/ledger-cited-reports/flake-synthetic/evidence/run-v0-baseline/step-exit-code.txt | docs/architecture/evidence/ledger-cited-reports/flake-synthetic/evidence/run-v1-flake/step-exit-code.txt | docs/architecture/evidence/ledger-cited-reports/flake-synthetic/evidence/run-v2-same-id-exit-code/step-exit-code.txt | docs/architecture/evidence/ledger-cited-reports/flake-synthetic/evidence/run-v3-other-file-buffer-diff/step-exit-code.txt | docs/architecture/evidence/ledger-cited-reports/flake-synthetic/evidence/run-v4-residual/step-exit-code.txt | docs/architecture/evidence/ledger-cited-reports/p08-implementation-review-evidence/evidence/build-gapdemo.rc | docs/architecture/evidence/ledger-cited-reports/p08-implementation-review-evidence/evidence/gen-acceptance-cand.rc | docs/architecture/evidence/ledger-cited-reports/p08-implementation-review-evidence/evidence/gen-gap-cand.rc | docs/architecture/evidence/ledger-cited-reports/p08-implementation-review-evidence/evidence/gen-probeA-base.rc | docs/architecture/evidence/ledger-cited-reports/p08-implementation-review-evidence/evidence/gen-probeA-cand.rc | docs/architecture/evidence/ledger-cited-reports/p08-implementation-review-evidence/evidence/gen-probeB-base.rc | docs/architecture/evidence/ledger-cited-reports/p08-implementation-review-evidence/evidence/gen-probeB-cand.rc | docs/architecture/evidence/ledger-cited-reports/p08-implementation-review-evidence/evidence/gen-probeC-base.rc | docs/architecture/evidence/ledger-cited-reports/p08-implementation-review-evidence/evidence/gen-probeC-cand.rc | docs/architecture/evidence/ledger-cited-reports/p08-implementation-review-evidence/evidence/gen-probeD-base.rc | docs/architecture/evidence/ledger-cited-reports/p08-implementation-review-evidence/evidence/gen-probeD-cand.rc | docs/architecture/evidence/ledger-cited-reports/p08-implementation-review-evidence/evidence/gen-probeE-base.rc | docs/architecture/evidence/ledger-cited-reports/p08-implementation-review-evidence/evidence/gen-probeE-cand.rc | docs/architecture/evidence/ledger-cited-reports/p08-implementation-review-evidence/evidence/typecheck-acceptance-cand.rc | docs/architecture/evidence/ledger-cited-reports/p08-implementation-review-evidence/evidence/typecheck-gap-cand.rc | docs/architecture/evidence/ledger-cited-reports/p08-implementation-review-evidence/evidence/typecheck-probeA-cand.rc | docs/architecture/evidence/ledger-cited-reports/p08-implementation-review-evidence/evidence/typecheck-probeB-cand.rc | docs/architecture/evidence/ledger-cited-reports/p08-implementation-review-evidence/evidence/typecheck-probeD-cand.rc | docs/architecture/evidence/xs-fixture-archive/evidence-raw/10-compile-hxml.xs-mentions.txt | docs/architecture/evidence/xs-fixture-archive/evidence-raw/as-reviewed-xs-crossmod/gen.status | docs/architecture/evidence/xs-fixture-archive/evidence-raw/as-reviewed-xs-dead/gen.status | docs/architecture/evidence/xs-fixture-archive/evidence-raw/as-reviewed-xs-deadcoll/gen.status | docs/architecture/evidence/xs-fixture-archive/evidence-raw/as-reviewed-xs-testmod/gen.status | docs/architecture/evidence/xs-fixture-archive/evidence-raw/as-reviewed-xs-twoexc/gen.status | docs/architecture/evidence/xs-fixture-archive/evidence-raw/frozen-xs-crossmod/gen.status | docs/architecture/evidence/xs-fixture-archive/evidence-raw/frozen-xs-dead/cargo.status | docs/architecture/evidence/xs-fixture-archive/evidence-raw/frozen-xs-dead/gen.status | docs/architecture/evidence/xs-fixture-archive/evidence-raw/frozen-xs-deadcoll/cargo.status | docs/architecture/evidence/xs-fixture-archive/evidence-raw/frozen-xs-deadcoll/gen.status | docs/architecture/evidence/xs-fixture-archive/evidence-raw/frozen-xs-testmod/gen.status | docs/architecture/evidence/xs-fixture-archive/evidence-raw/frozen-xs-twoexc/gen.status | docs/architecture/evidence/xs-fixture-archive/evidence-raw/pristine-xs-dead/cargo.status | docs/architecture/evidence/xs-fixture-archive/evidence-raw/pristine-xs-dead/gen.status | docs/architecture/evidence/xs-fixture-archive/evidence-raw/pristine-xs-deadcoll/cargo.status | docs/architecture/evidence/xs-fixture-archive/evidence-raw/pristine-xs-deadcoll/gen.status | docs/architecture/evidence/xs-fixture-archive/evidence-raw/pristine-xs-testmod/gen.status | docs/architecture/evidence/xs-fixture-archive/evidence-raw/pristine-xs-twoexc/gen.status
fsmissing/attempt-01/stages/swift-env-probe/status	d00491fd7e5bb6fa28c517a0bb32b8b506539d4d	docs/architecture/evidence/ledger-cited-reports/p08-implementation-review-evidence/evidence/bun-readonly-boundary-cand.rc | docs/architecture/evidence/ledger-cited-reports/p08-implementation-review-evidence/evidence/typecheck-probeA-base.rc | docs/architecture/evidence/ledger-cited-reports/p08-implementation-review-evidence/evidence/typecheck-probeB-base.rc | docs/architecture/evidence/ledger-cited-reports/p08-implementation-review-evidence/evidence/typecheck-probeD-base.rc | docs/architecture/evidence/ledger-cited-reports/p08-implementation-review-evidence/evidence/typecheck-probeE-base.rc | docs/architecture/evidence/ledger-cited-reports/p08-implementation-review-evidence/evidence/typecheck-probeE-cand.rc | docs/architecture/evidence/xs-fixture-archive/evidence-raw/as-reviewed-xs-crossmod/compiling-count.txt | docs/architecture/evidence/xs-fixture-archive/evidence-raw/as-reviewed-xs-dead/compiling-count.txt | docs/architecture/evidence/xs-fixture-archive/evidence-raw/as-reviewed-xs-deadcoll/compiling-count.txt | docs/architecture/evidence/xs-fixture-archive/evidence-raw/as-reviewed-xs-twoexc/compiling-count.txt | docs/architecture/evidence/xs-fixture-archive/evidence-raw/frozen-audit-xs-crossmod/compiling-count.txt | docs/architecture/evidence/xs-fixture-archive/evidence-raw/frozen-xs-crossmod/compiling-count.txt | docs/architecture/evidence/xs-fixture-archive/evidence-raw/frozen-xs-dead/compiling-count.txt | docs/architecture/evidence/xs-fixture-archive/evidence-raw/frozen-xs-deadcoll/compiling-count.txt | docs/architecture/evidence/xs-fixture-archive/evidence-raw/frozen-xs-twoexc/compiling-count.txt | docs/architecture/evidence/xs-fixture-archive/evidence-raw/pristine-xs-dead/compiling-count.txt | docs/architecture/evidence/xs-fixture-archive/evidence-raw/pristine-xs-deadcoll/compiling-count.txt | docs/architecture/evidence/xs-fixture-archive/evidence-raw/pristine-xs-twoexc/compiling-count.txt
fsmissing/attempt-01/swift-gen/std/UStringException.swift	a6a32482a6df0de702323a3298ff4c97bcdd70c6	docs/architecture/evidence/ledger-cited-reports/p08-behaviour-review-evidence/evidence/gen-bisect-coalesced2/std/UStringException.swift | docs/architecture/evidence/ledger-cited-reports/p08-behaviour-review-evidence/evidence/gen-gap/std/UStringException.swift
fsmissing/attempt-01/swift-gen/std/UStringFault.swift	d049069f906d92e9c080e486026669a51b694bcc	docs/architecture/evidence/ledger-cited-reports/p08-behaviour-review-evidence/evidence/gen-bisect-coalesced2/std/UStringFault.swift | docs/architecture/evidence/ledger-cited-reports/p08-behaviour-review-evidence/evidence/gen-gap/std/UStringFault.swift
fsmissing/versions/REPORT.att-01-15files.md	4729f28dbde330c6312f95d5469b0a6bb562a44e	audit-reports/viii-disaster-intake/fsmissing/REPORT.md
param-fix/REPORT.md	c8e98ef6c47f67fa21be8851b4645f0aa6707e7e	audit-reports/viii-disaster-intake/param-fix/REPORT.md
param-fix/post-fix-runsh/exit.txt	573541ac9702dd3969c9bc859d2b91ec1f7e6e56	docs/architecture/evidence/ledger-cited-reports/flake-synthetic/evidence/run-v0-baseline/step-exit-code.txt | docs/architecture/evidence/ledger-cited-reports/flake-synthetic/evidence/run-v1-flake/step-exit-code.txt | docs/architecture/evidence/ledger-cited-reports/flake-synthetic/evidence/run-v2-same-id-exit-code/step-exit-code.txt | docs/architecture/evidence/ledger-cited-reports/flake-synthetic/evidence/run-v3-other-file-buffer-diff/step-exit-code.txt | docs/architecture/evidence/ledger-cited-reports/flake-synthetic/evidence/run-v4-residual/step-exit-code.txt | docs/architecture/evidence/ledger-cited-reports/p08-implementation-review-evidence/evidence/build-gapdemo.rc | docs/architecture/evidence/ledger-cited-reports/p08-implementation-review-evidence/evidence/gen-acceptance-cand.rc | docs/architecture/evidence/ledger-cited-reports/p08-implementation-review-evidence/evidence/gen-gap-cand.rc | docs/architecture/evidence/ledger-cited-reports/p08-implementation-review-evidence/evidence/gen-probeA-base.rc | docs/architecture/evidence/ledger-cited-reports/p08-implementation-review-evidence/evidence/gen-probeA-cand.rc | docs/architecture/evidence/ledger-cited-reports/p08-implementation-review-evidence/evidence/gen-probeB-base.rc | docs/architecture/evidence/ledger-cited-reports/p08-implementation-review-evidence/evidence/gen-probeB-cand.rc | docs/architecture/evidence/ledger-cited-reports/p08-implementation-review-evidence/evidence/gen-probeC-base.rc | docs/architecture/evidence/ledger-cited-reports/p08-implementation-review-evidence/evidence/gen-probeC-cand.rc | docs/architecture/evidence/ledger-cited-reports/p08-implementation-review-evidence/evidence/gen-probeD-base.rc | docs/architecture/evidence/ledger-cited-reports/p08-implementation-review-evidence/evidence/gen-probeD-cand.rc | docs/architecture/evidence/ledger-cited-reports/p08-implementation-review-evidence/evidence/gen-probeE-base.rc | docs/architecture/evidence/ledger-cited-reports/p08-implementation-review-evidence/evidence/gen-probeE-cand.rc | docs/architecture/evidence/ledger-cited-reports/p08-implementation-review-evidence/evidence/typecheck-acceptance-cand.rc | docs/architecture/evidence/ledger-cited-reports/p08-implementation-review-evidence/evidence/typecheck-gap-cand.rc | docs/architecture/evidence/ledger-cited-reports/p08-implementation-review-evidence/evidence/typecheck-probeA-cand.rc | docs/architecture/evidence/ledger-cited-reports/p08-implementation-review-evidence/evidence/typecheck-probeB-cand.rc | docs/architecture/evidence/ledger-cited-reports/p08-implementation-review-evidence/evidence/typecheck-probeD-cand.rc | docs/architecture/evidence/xs-fixture-archive/evidence-raw/10-compile-hxml.xs-mentions.txt | docs/architecture/evidence/xs-fixture-archive/evidence-raw/as-reviewed-xs-crossmod/gen.status | docs/architecture/evidence/xs-fixture-archive/evidence-raw/as-reviewed-xs-dead/gen.status | docs/architecture/evidence/xs-fixture-archive/evidence-raw/as-reviewed-xs-deadcoll/gen.status | docs/architecture/evidence/xs-fixture-archive/evidence-raw/as-reviewed-xs-testmod/gen.status | docs/architecture/evidence/xs-fixture-archive/evidence-raw/as-reviewed-xs-twoexc/gen.status | docs/architecture/evidence/xs-fixture-archive/evidence-raw/frozen-xs-crossmod/gen.status | docs/architecture/evidence/xs-fixture-archive/evidence-raw/frozen-xs-dead/cargo.status | docs/architecture/evidence/xs-fixture-archive/evidence-raw/frozen-xs-dead/gen.status | docs/architecture/evidence/xs-fixture-archive/evidence-raw/frozen-xs-deadcoll/cargo.status | docs/architecture/evidence/xs-fixture-archive/evidence-raw/frozen-xs-deadcoll/gen.status | docs/architecture/evidence/xs-fixture-archive/evidence-raw/frozen-xs-testmod/gen.status | docs/architecture/evidence/xs-fixture-archive/evidence-raw/frozen-xs-twoexc/gen.status | docs/architecture/evidence/xs-fixture-archive/evidence-raw/pristine-xs-dead/cargo.status | docs/architecture/evidence/xs-fixture-archive/evidence-raw/pristine-xs-dead/gen.status | docs/architecture/evidence/xs-fixture-archive/evidence-raw/pristine-xs-deadcoll/cargo.status | docs/architecture/evidence/xs-fixture-archive/evidence-raw/pristine-xs-deadcoll/gen.status | docs/architecture/evidence/xs-fixture-archive/evidence-raw/pristine-xs-testmod/gen.status | docs/architecture/evidence/xs-fixture-archive/evidence-raw/pristine-xs-twoexc/gen.status
